--
-- PostgreSQL database dump
--

-- Dumped from database version 12.17 (Ubuntu 12.17-1.pgdg22.04+1)
-- Dumped by pg_dump version 12.17 (Ubuntu 12.17-1.pgdg22.04+1)

SET statement_timeout = 0;
SET lock_timeout = 0;
SET idle_in_transaction_session_timeout = 0;
SET client_encoding = 'UTF8';
SET standard_conforming_strings = on;
SELECT pg_catalog.set_config('search_path', '', false);
SET check_function_bodies = false;
SET xmloption = content;
SET client_min_messages = warning;
SET row_security = off;

DROP DATABASE universe;
--
-- Name: universe; Type: DATABASE; Schema: -; Owner: freecodecamp
--

CREATE DATABASE universe WITH TEMPLATE = template0 ENCODING = 'UTF8' LC_COLLATE = 'C.UTF-8' LC_CTYPE = 'C.UTF-8';


ALTER DATABASE universe OWNER TO freecodecamp;

\connect universe

SET statement_timeout = 0;
SET lock_timeout = 0;
SET idle_in_transaction_session_timeout = 0;
SET client_encoding = 'UTF8';
SET standard_conforming_strings = on;
SELECT pg_catalog.set_config('search_path', '', false);
SET check_function_bodies = false;
SET xmloption = content;
SET client_min_messages = warning;
SET row_security = off;

SET default_tablespace = '';

SET default_table_access_method = heap;

--
-- Name: black_hole; Type: TABLE; Schema: public; Owner: freecodecamp
--

CREATE TABLE public.black_hole (
    black_hole_id integer NOT NULL,
    name character varying(30) NOT NULL,
    blackhole_type character varying(30)
);


ALTER TABLE public.black_hole OWNER TO freecodecamp;

--
-- Name: black_hole_blackhole_id_seq; Type: SEQUENCE; Schema: public; Owner: freecodecamp
--

ALTER TABLE public.black_hole ALTER COLUMN black_hole_id ADD GENERATED BY DEFAULT AS IDENTITY (
    SEQUENCE NAME public.black_hole_blackhole_id_seq
    START WITH 1
    INCREMENT BY 1
    NO MINVALUE
    NO MAXVALUE
    CACHE 1
);


--
-- Name: galaxy; Type: TABLE; Schema: public; Owner: freecodecamp
--

CREATE TABLE public.galaxy (
    galaxy_id integer NOT NULL,
    name character varying(40) NOT NULL,
    galaxy_type character varying(40),
    constellation character varying(30),
    approx_number_of_stars_in_billions integer,
    has_blackhole boolean
);


ALTER TABLE public.galaxy OWNER TO freecodecamp;

--
-- Name: galaxy_galaxy_id_seq; Type: SEQUENCE; Schema: public; Owner: freecodecamp
--

ALTER TABLE public.galaxy ALTER COLUMN galaxy_id ADD GENERATED BY DEFAULT AS IDENTITY (
    SEQUENCE NAME public.galaxy_galaxy_id_seq
    START WITH 1
    INCREMENT BY 1
    NO MINVALUE
    NO MAXVALUE
    CACHE 1
);


--
-- Name: moon; Type: TABLE; Schema: public; Owner: freecodecamp
--

CREATE TABLE public.moon (
    moon_id integer NOT NULL,
    name character varying(40) NOT NULL,
    radius_in_km integer,
    facts text,
    planet_id integer
);


ALTER TABLE public.moon OWNER TO freecodecamp;

--
-- Name: moon_moon_id_seq; Type: SEQUENCE; Schema: public; Owner: freecodecamp
--

ALTER TABLE public.moon ALTER COLUMN moon_id ADD GENERATED BY DEFAULT AS IDENTITY (
    SEQUENCE NAME public.moon_moon_id_seq
    START WITH 1
    INCREMENT BY 1
    NO MINVALUE
    NO MAXVALUE
    CACHE 1
);


--
-- Name: planet; Type: TABLE; Schema: public; Owner: freecodecamp
--

CREATE TABLE public.planet (
    planet_id integer NOT NULL,
    name character varying(40) NOT NULL,
    has_life boolean,
    planet_type character varying(30),
    star_id integer
);


ALTER TABLE public.planet OWNER TO freecodecamp;

--
-- Name: planet_planet_id_seq; Type: SEQUENCE; Schema: public; Owner: freecodecamp
--

ALTER TABLE public.planet ALTER COLUMN planet_id ADD GENERATED BY DEFAULT AS IDENTITY (
    SEQUENCE NAME public.planet_planet_id_seq
    START WITH 1
    INCREMENT BY 1
    NO MINVALUE
    NO MAXVALUE
    CACHE 1
);


--
-- Name: star; Type: TABLE; Schema: public; Owner: freecodecamp
--

CREATE TABLE public.star (
    star_id integer NOT NULL,
    name character varying(40) NOT NULL,
    star_type character varying(30),
    age_in_millions numeric(5,1),
    galaxy_id integer
);


ALTER TABLE public.star OWNER TO freecodecamp;

--
-- Name: star_star_id_seq; Type: SEQUENCE; Schema: public; Owner: freecodecamp
--

ALTER TABLE public.star ALTER COLUMN star_id ADD GENERATED BY DEFAULT AS IDENTITY (
    SEQUENCE NAME public.star_star_id_seq
    START WITH 1
    INCREMENT BY 1
    NO MINVALUE
    NO MAXVALUE
    CACHE 1
);


--
-- Data for Name: black_hole; Type: TABLE DATA; Schema: public; Owner: freecodecamp
--

INSERT INTO public.black_hole VALUES (1, 'TON 618', 'Supermassive Black Hole');
INSERT INTO public.black_hole VALUES (2, 'Gaia BH2', 'Stellar Black Hole');
INSERT INTO public.black_hole VALUES (3, 'GCIRS 13E', 'Intermediate Black Hole');


--
-- Data for Name: galaxy; Type: TABLE DATA; Schema: public; Owner: freecodecamp
--

INSERT INTO public.galaxy VALUES (1, 'Milky Way', 'Spiral (Sb)', 'Sagittarius', 100, true);
INSERT INTO public.galaxy VALUES (2, 'Andromeda', 'Spiral (Sa)', 'Andromeda', 1000, true);
INSERT INTO public.galaxy VALUES (3, 'Eye of God', 'Spral (SBb)', 'Eridanus', NULL, true);
INSERT INTO public.galaxy VALUES (4, 'Antennae', 'Spiral (Sb/Sa)', 'Corvus', NULL, true);
INSERT INTO public.galaxy VALUES (5, 'Bear Paw', 'Spiral (Sb)', 'Lynx', NULL, true);
INSERT INTO public.galaxy VALUES (6, 'Condor', 'Spiral (SBb)', 'Pavo', NULL, true);
INSERT INTO public.galaxy VALUES (8, 'Ursa Major', NULL, 'Ursa Major', NULL, true);
INSERT INTO public.galaxy VALUES (9, 'Carina', NULL, 'Carina', NULL, true);
INSERT INTO public.galaxy VALUES (10, 'Taurus', NULL, 'Taurus', NULL, true);
INSERT INTO public.galaxy VALUES (11, 'Columba', NULL, 'Columba', NULL, true);
INSERT INTO public.galaxy VALUES (12, 'Indus', NULL, 'Indus', NULL, true);
INSERT INTO public.galaxy VALUES (13, 'Pegasus', NULL, 'Pegasus', NULL, NULL);
INSERT INTO public.galaxy VALUES (14, 'Virgo', NULL, 'Virgo', NULL, NULL);


--
-- Data for Name: moon; Type: TABLE DATA; Schema: public; Owner: freecodecamp
--

INSERT INTO public.moon VALUES (1, 'Moon', 1737, 'The only moon of Earth, grey in appearance', 4);
INSERT INTO public.moon VALUES (2, 'Phobos', 11, 'The innermost and largest of the two Mars moons', 5);
INSERT INTO public.moon VALUES (3, 'Deimos', 6, 'The smallest of the two mars moons', 5);
INSERT INTO public.moon VALUES (4, 'Io', 1821, 'The densest moon in our solar system', 6);
INSERT INTO public.moon VALUES (5, 'Europa', 1560, 'Slightly smaller than our moon. It is made of silicate rock', 6);
INSERT INTO public.moon VALUES (6, 'Ganymede', 2634, 'The largest and most massive moon of Jupiter', 6);
INSERT INTO public.moon VALUES (7, 'Callisto', 2410, 'Second largest moon of Jupiter and almost as big as Mercury', 6);
INSERT INTO public.moon VALUES (8, 'Mimas', 396, 'Mimas is the smallest astronomical body known to be rounded in shape due to its own gravity', 7);
INSERT INTO public.moon VALUES (9, 'Enceladus', 504, 'Enceladus is mostly covered by fresh and clean ice', 7);
INSERT INTO public.moon VALUES (10, 'Tethys', 1062, 'Discovered in 1684, the moon was named after the titan Tethys of Greek Mythos', 7);
INSERT INTO public.moon VALUES (11, 'Dione', 1123, 'A moon consisting of a silicate rocky core. Rock and water are about equal in mass on the moon', 7);
INSERT INTO public.moon VALUES (12, 'Rhea', 1527, 'Second largest moon of Saturn, and ninth largest in our system', 7);
INSERT INTO public.moon VALUES (13, 'Titan', 5149, 'Largest moon of Saturn and second largest in our system', 7);
INSERT INTO public.moon VALUES (14, 'Iapetus', 1470, 'The outermost of Saturns large moons', 7);
INSERT INTO public.moon VALUES (15, 'Titania', 1578, 'The largest moon of Uranus, it orbits inside Uranus Magnetosphere', 8);
INSERT INTO public.moon VALUES (16, 'Oberon', 761, 'Outermost moon of the major moons of Uranus', 8);
INSERT INTO public.moon VALUES (17, 'Ariel', 578, 'Ariel orbits on the equatorial plane of Uranus, almost perpendicular to Uranus orbit', 8);
INSERT INTO public.moon VALUES (18, 'Umbriel', 584, 'The surface of Umbriel is the darkest amongst the moons of Uranus', 8);
INSERT INTO public.moon VALUES (19, 'Miranda', 235, 'The total surface area of Miranda is roughly equal to that of the US state of Texas', 8);
INSERT INTO public.moon VALUES (20, 'Triton', 1353, 'Triton is the largest moon of Neptune and is the only moon around Neptune shaped by its own gravity', 9);


--
-- Data for Name: planet; Type: TABLE DATA; Schema: public; Owner: freecodecamp
--

INSERT INTO public.planet VALUES (2, 'Mercury', false, 'Terrestrial', 2);
INSERT INTO public.planet VALUES (3, 'Venus', false, 'Terrestrial', 2);
INSERT INTO public.planet VALUES (4, 'Earth', true, 'Ocean Planet', 2);
INSERT INTO public.planet VALUES (5, 'Mars', false, 'Terrestrial', 2);
INSERT INTO public.planet VALUES (6, 'Jupiter', false, 'Gas Giant', 2);
INSERT INTO public.planet VALUES (7, 'Saturn', false, 'Gas Giant', 2);
INSERT INTO public.planet VALUES (8, 'Uranus', false, 'Ice Giant', 2);
INSERT INTO public.planet VALUES (9, 'Neptune', false, 'Giant Planet', 2);
INSERT INTO public.planet VALUES (10, 'Epsilon Indi Ab', false, 'Gas Giant', 8);
INSERT INTO public.planet VALUES (11, '51 Pegasi b', false, 'Extra-Solar', 9);
INSERT INTO public.planet VALUES (12, 'KELT-9b', false, 'Gas Giant', 10);
INSERT INTO public.planet VALUES (13, 'PSR B1257+12 C', false, 'Super Earth', 11);


--
-- Data for Name: star; Type: TABLE DATA; Schema: public; Owner: freecodecamp
--

INSERT INTO public.star VALUES (2, 'Sun', 'Yellow Dwarf', 4600.0, 1);
INSERT INTO public.star VALUES (3, 'Alioth', 'Variable Hypergiant', 300.0, 8);
INSERT INTO public.star VALUES (4, 'Avior', 'Variable Giant', 20.0, 9);
INSERT INTO public.star VALUES (5, 'Canupus', 'Super Giant', 33.0, 9);
INSERT INTO public.star VALUES (6, 'Electra', 'Blue-white Giant', 115.0, 10);
INSERT INTO public.star VALUES (7, 'Elkurud', 'Sub Giant', 237.0, 11);
INSERT INTO public.star VALUES (8, 'Epsilon Indi Ab', 'Gas Giant', NULL, 12);
INSERT INTO public.star VALUES (9, '51 Pegasi', 'Sun-like', 6000.0, 13);
INSERT INTO public.star VALUES (10, 'KELT-9', 'A Dwarf', NULL, 1);
INSERT INTO public.star VALUES (11, 'PSR B1257+12', 'Pulsar', 1000.0, 14);


--
-- Name: black_hole_blackhole_id_seq; Type: SEQUENCE SET; Schema: public; Owner: freecodecamp
--

SELECT pg_catalog.setval('public.black_hole_blackhole_id_seq', 3, true);


--
-- Name: galaxy_galaxy_id_seq; Type: SEQUENCE SET; Schema: public; Owner: freecodecamp
--

SELECT pg_catalog.setval('public.galaxy_galaxy_id_seq', 14, true);


--
-- Name: moon_moon_id_seq; Type: SEQUENCE SET; Schema: public; Owner: freecodecamp
--

SELECT pg_catalog.setval('public.moon_moon_id_seq', 20, true);


--
-- Name: planet_planet_id_seq; Type: SEQUENCE SET; Schema: public; Owner: freecodecamp
--

SELECT pg_catalog.setval('public.planet_planet_id_seq', 13, true);


--
-- Name: star_star_id_seq; Type: SEQUENCE SET; Schema: public; Owner: freecodecamp
--

SELECT pg_catalog.setval('public.star_star_id_seq', 11, true);


--
-- Name: black_hole black_hole_blackhole_name_key; Type: CONSTRAINT; Schema: public; Owner: freecodecamp
--

ALTER TABLE ONLY public.black_hole
    ADD CONSTRAINT black_hole_blackhole_name_key UNIQUE (name);


--
-- Name: black_hole black_hole_pkey; Type: CONSTRAINT; Schema: public; Owner: freecodecamp
--

ALTER TABLE ONLY public.black_hole
    ADD CONSTRAINT black_hole_pkey PRIMARY KEY (black_hole_id);


--
-- Name: galaxy galaxy_galaxy_name_key; Type: CONSTRAINT; Schema: public; Owner: freecodecamp
--

ALTER TABLE ONLY public.galaxy
    ADD CONSTRAINT galaxy_galaxy_name_key UNIQUE (name);


--
-- Name: galaxy galaxy_pkey; Type: CONSTRAINT; Schema: public; Owner: freecodecamp
--

ALTER TABLE ONLY public.galaxy
    ADD CONSTRAINT galaxy_pkey PRIMARY KEY (galaxy_id);


--
-- Name: moon moon_moon_name_key; Type: CONSTRAINT; Schema: public; Owner: freecodecamp
--

ALTER TABLE ONLY public.moon
    ADD CONSTRAINT moon_moon_name_key UNIQUE (name);


--
-- Name: moon moon_pkey; Type: CONSTRAINT; Schema: public; Owner: freecodecamp
--

ALTER TABLE ONLY public.moon
    ADD CONSTRAINT moon_pkey PRIMARY KEY (moon_id);


--
-- Name: galaxy name_unq; Type: CONSTRAINT; Schema: public; Owner: freecodecamp
--

ALTER TABLE ONLY public.galaxy
    ADD CONSTRAINT name_unq UNIQUE (name);


--
-- Name: planet planet_pkey; Type: CONSTRAINT; Schema: public; Owner: freecodecamp
--

ALTER TABLE ONLY public.planet
    ADD CONSTRAINT planet_pkey PRIMARY KEY (planet_id);


--
-- Name: planet planet_planet_name_key; Type: CONSTRAINT; Schema: public; Owner: freecodecamp
--

ALTER TABLE ONLY public.planet
    ADD CONSTRAINT planet_planet_name_key UNIQUE (name);


--
-- Name: star star_modern_star_name_key; Type: CONSTRAINT; Schema: public; Owner: freecodecamp
--

ALTER TABLE ONLY public.star
    ADD CONSTRAINT star_modern_star_name_key UNIQUE (name);


--
-- Name: star star_pkey; Type: CONSTRAINT; Schema: public; Owner: freecodecamp
--

ALTER TABLE ONLY public.star
    ADD CONSTRAINT star_pkey PRIMARY KEY (star_id);


--
-- Name: moon moon_planet_id_fkey; Type: FK CONSTRAINT; Schema: public; Owner: freecodecamp
--

ALTER TABLE ONLY public.moon
    ADD CONSTRAINT moon_planet_id_fkey FOREIGN KEY (planet_id) REFERENCES public.planet(planet_id);


--
-- Name: planet planet_star_id_fkey; Type: FK CONSTRAINT; Schema: public; Owner: freecodecamp
--

ALTER TABLE ONLY public.planet
    ADD CONSTRAINT planet_star_id_fkey FOREIGN KEY (star_id) REFERENCES public.star(star_id);


--
-- Name: star star_galaxy_id_fkey; Type: FK CONSTRAINT; Schema: public; Owner: freecodecamp
--

ALTER TABLE ONLY public.star
    ADD CONSTRAINT star_galaxy_id_fkey FOREIGN KEY (galaxy_id) REFERENCES public.galaxy(galaxy_id);


--
-- PostgreSQL database dump complete
--

